﻿<?xml version="1.0" encoding="utf-8" ?>
<Secciones>
  <Seccion id="0" nombre="PHIN">
    <Titulos>
      <Titulo id="0" nombre="PHIN">
        <Subtitulos>
          <Subtitulo>
            <nombre>Saludo, Protocolo.</nombre>
            <instrucciones>Buenos Días / Tardes, Gracias por llamar a HDI le atiende __ ¿Con quién tengo el gusto? ** Gracias Sr. (a) __. ¿En qué le puedo ayudar?</instrucciones>
          </Subtitulo>
        </Subtitulos>
        <Botones>
          <boton>
            <nombre>Primer Contacto</nombre>
            <destino>1,0</destino>
          </boton>
          <boton>
            <nombre>Confirmación de Documentos</nombre>
            <destino>2,0</destino>
          </boton>
          <boton>
            <nombre>Seguimiento</nombre>
            <destino>3,0</destino>
          </boton>
          <boton>
            <nombre>Aclaración de Pagos</nombre>
            <destino>4,0</destino>
          </boton>
          <boton>
            <nombre>Quejas e Inconformidades</nombre>
            <destino>5,0</destino>
          </boton>
        </Botones>
        <Imagenes></Imagenes>
        <Siguiente></Siguiente>
      </Titulo>
    </Titulos>
  </Seccion>
  <Seccion id="1" nombre="PRIMER CONTACTO">
    <Titulos>
      <Titulo id="0" nombre="PRIMER CONTACTO">
        <Subtitulos>
          <Subtitulo>
            <nombre>Explicación previa del seguro por desempleo.</nombre>
            <instrucciones>Se está comunicando al área de seguro por desempleo que cubre a todos los acreditados que obtuvieron su crédito Infonavit en los años de 2007 y 2008. Este seguro le ayuda a proteger las mensualidades de su crédito al momento de perder su empleo involuntaria o injustificadamente. Se realiza el pago de las mensualidades a partir de la fecha del desempleo hasta encontrar una nueva relación laboral por un máximo de 6 meses.</instrucciones>
          </Subtitulo>
          <Subtitulo>
            <nombre>Proceso de Identificación.</nombre>
            <instrucciones>Para iniciar su trámite de reclamación es necesario nos indique su Número de Crédito para identificar si cuenta con esta cobertura. (Confirmar en TIA el No. De Crédito y Nombre de Acreditado).</instrucciones>
          </Subtitulo>
        </Subtitulos>
        <Botones>
          <boton>
            <nombre>SÍ CUENTA CON EL SEGURO</nombre>
            <destino>1,3</destino>
          </boton>
          <boton>
            <nombre>ACREDITADO DESEA PRÓRROGA</nombre>
            <destino>1,2</destino>
          </boton>
          <boton>
            <nombre>NO TIENE PÓLIZA</nombre>
            <destino>1,1</destino>
          </boton>
        </Botones>
        <Imagenes></Imagenes>
        <Siguiente></Siguiente>
      </Titulo>
      <Titulo id="1" nombre="NO TIENE PÓLIZA">
        <Subtitulos>
          <Subtitulo>
            <nombre>No Tiene Póliza</nombre>
            <instrucciones>Solicitar Número de Crédito para verificar si cuenta con el seguro por desempleo. Si cuenta con el seguro, comenzar la explicación y el proceso de reclamación.</instrucciones>
          </Subtitulo>
          <Subtitulo>
            <nombre></nombre>
            <instrucciones>Si no Cuenta con el seguro, solicitar que se comunique a INFONAVIT, para que le proporcionen otro Beneficio para su crédito.</instrucciones>
          </Subtitulo>
          <Subtitulo>
            <nombre></nombre>
            <instrucciones>01 800 0083 900</instrucciones>
          </Subtitulo>
        </Subtitulos>
        <Botones>
          <boton>
            <nombre>INICIAR PROCESO</nombre>
            <destino>1,3</destino>
          </boton>
        </Botones>
        <Imagenes></Imagenes>
        <Siguiente>
          <destino>5,0</destino>
        </Siguiente>
      </Titulo>
      <Titulo id="2" nombre="ACREDITADO DESEA PRORROGA">
        <Subtitulos>
          <Subtitulo>
            <nombre>ACREDITADO DESEA PRORROGA</nombre>
            <instrucciones>Informar que nuestro Seguro únicamente cubre los créditos otorgados en el 2007 y 2008, si el crédito no cuenta con el Seguro por Desempleo o no desea reportar, proporcionarle el número de Infonavit para que le proporcionen mas opciones.</instrucciones>
          </Subtitulo>
          <Subtitulo>
            <nombre></nombre>
            <instrucciones>01 800 0083 900</instrucciones>
          </Subtitulo>
        </Subtitulos>
        <Botones></Botones>
        <Imagenes></Imagenes>
        <Siguiente>
          <destino>5,0</destino>
        </Siguiente>
      </Titulo>
      <Titulo id="3" nombre="SÍ CUENTA CON EL SEGURO">
        <Subtitulos>
          <Subtitulo>
            <nombre>Actualización de Datos.</nombre>
            <instrucciones>Solicitar el domicilio completo donde vive acreditado actualmente para efecto de su correspondencia. Si es distinto al registrado en TIA cambiar domicilio y teléfonos de acreditado.</instrucciones>
          </Subtitulo>
        </Subtitulos>
        <Botones></Botones>
        <Imagenes>
          <Imagen>
            <src></src>
            <commentario></commentario>
          </Imagen>
        </Imagenes>
        <Siguiente>
          <destino>1,4</destino>
        </Siguiente>
      </Titulo>
      <Titulo id="4" nombre="Solicitar formato de Reclamación">
        <Subtitulos>
          <Subtitulo>
            <nombre>Solicitar formato de Reclamación.</nombre>
            <instrucciones>El primer documento que solicitamos es el FORMATO DE RECLAMACIÓN por desempleo, indicar la opción para obtenerlo a través de la oficinas de INFONAVIT o nuestra Página de Intenet.</instrucciones>
          </Subtitulo>
        </Subtitulos>
        <Botones>
          <boton>
            <nombre>Página de Internet</nombre>
            <destino>1,5</destino>
          </boton>
          <boton>
            <nombre>Oficinas de INFONAVIT</nombre>
            <destino>1,6</destino>
          </boton>
        </Botones>
        <Imagenes></Imagenes>
        <Siguiente></Siguiente>
      </Titulo>
      <Titulo id="5" nombre="Página de Internet">
        <Subtitulos>
          <Subtitulo>
            <nombre>www.genworth.com.mx</nombre>
            <instrucciones></instrucciones>
          </Subtitulo>
        </Subtitulos>
        <Botones></Botones>
        <Imagenes>
          <Imagen>
            <src></src>
            <commentario></commentario>
          </Imagen>
          <Imagen>
            <src></src>
            <commentario>Dar click en la imagen 3 de 4, ingresar no, de crédito y NSS. En Detalles de la Póliza dar click en Iniciar Trámite de Reclamación. Llenar el cuentionario, hasta llegar al formato en PDF. (Adobe Acrobat necesario para la impresión del archivo pre-llenado). Imprimir y firmarlo.</commentario>
          </Imagen>
        </Imagenes>
        <Siguiente>
          <destino>1,7</destino>
        </Siguiente>
      </Titulo>
      <Titulo id="6" nombre="Oficinas de Infonavit">
        <Subtitulos>
          <Subtitulo>
            <nombre>Oficinas de Infonavit.</nombre>
            <instrucciones>Solicitar a acreditado que acuda a una oficina de INFONAVIT en el área de atención a clientes y solicite un Formato de reclamación por desempleo involuntario. Llenarlo a mano tinta negra y firmarlo.</instrucciones>
          </Subtitulo>
        </Subtitulos>
        <Botones></Botones>
        <Imagenes>
          <Imagen>
            <src></src>
            <comentario></comentario>
          </Imagen>
        </Imagenes>
        <Siguiente>
          <destino>1,7</destino>
        </Siguiente>
      </Titulo>
      <Titulo id="7" nombre="Solicitar Documentación de Soporte.">
        <Subtitulos>
          <Subtitulo>
            <nombre>Solicitar Documentación de Soporte.</nombre>
            <instrucciones>Para comprobar el desempleo involuntario es necesario que el acreditado nos envie uno de los siguientes Documentos.</instrucciones>
          </Subtitulo>
        </Subtitulos>
        <Botones>
          <boton>
            <nombre>FINIQUITO O LIQUIDACIÓN</nombre>
            <destino>1,9</destino>
          </boton>
          <boton>
            <nombre>COPIA DEL CHEQUE O EDO CTA</nombre>
            <destino>1,9</destino>
          </boton>
          <boton>
            <nombre>DEMANDA LABORAL O LAUDO ARBITRAL SELLADO ANTE LA JLCA</nombre>
            <destino>1,9</destino>
          </boton>
          <boton>
            <nombre>EN CASO DE NO TENER ALGUNO DE ESTOS DOCUMENTOS</nombre>
            <destino>1,8</destino>
          </boton>
        </Botones>
        <Imagenes></Imagenes>
        <Siguiente></Siguiente>
      </Titulo>
      <Titulo id="8" nombre="EN CASO DE NO TENER ALGUNO DE ESTOS DOCUMENTOS">
        <Subtitulos>
          <nombre>Solicitar Documentación Adicional.</nombre>
          <instrucciones>En caso de no tener comprobante de su desempleo. Solicitar cualquiera de los siguientes documentos:</instrucciones>
        </Subtitulos>
        <Botones>
          <boton>
            <nombre>CARTA MEMBRETADA DE LA EMPRESA INDICANDO EL MOTIVO DEL DESEMPLEO</nombre>
            <destino>1,9</destino>
          </boton>
          <boton>
            <nombre>Carta de acreditado indicando, motivo. Monto de liquidación y razón por la que no cuenta con comprobante.</nombre>
            <destino>1,9</destino>
          </boton>
        </Botones>
        <Imagenes></Imagenes>
        <Siguiente></Siguiente>
      </Titulo>
      <Titulo id="9" nombre="Envío de Documentación">
        <Subtitulos>
          <Subtitulo>
            <nombre>Envío de Documentación.</nombre>
            <instrucciones>Después de juntar la documentación necesaria solicitar nos sea enviada por correo electrónico o Fax. Cualquiera de las dos opciones:</instrucciones>
          </Subtitulo>
        </Subtitulos>
        <Botones>
          <boton>
            <nombre>CORREO ELECTRÓNICO seguro-proteccion@genworth.com</nombre>
            <destino>1,10</destino>
          </boton>
          <boton>
            <nombre>FAX 01 800 822 8095</nombre>
            <destino>1,11</destino>
          </boton>
        </Botones>
        <Imagenes></Imagenes>
        <Siguiente></Siguiente>
      </Titulo>
      <Titulo id="10" nombre="Correo Electrónico">
        <Subtitulos>
          <Subtitulo>
            <nombre>CORREO ELECTRÓNICO</nombre>
            <instrucciones>seguro-proteccion@genworth.com</instrucciones>
          </Subtitulo>
          <Subtitulo>
            <nombre>Correo Electrónico.</nombre>
            <instrucciones>Dar la cuenta de correo electrónico y solicitar nos regrese la llamada al día siguiente hábil para confirmar su documentación al 01 800 702 2917.</instrucciones>
          </Subtitulo>
        </Subtitulos>
        <Botones></Botones>
        <Imagenes></Imagenes>
        <Siguiente>
          <destino>1,12</destino>
        </Siguiente>
      </Titulo>
      <Titulo id="11" nombre="FAX">
        <Subtitulos>
          <Subtitulo>
            <nombre>FAX</nombre>
            <instrucciones>01 800 822 8095</instrucciones>
          </Subtitulo>
          <Subtitulo>
            <nombre>FAX</nombre>
            <instrucciones>Dar nuestro Fax directo para que nos envien el documento y pedir nos regrese la llamada al 01 800 702 2917 a los 15 minutos de haberlo enviado para confirmar su documentación.</instrucciones>
          </Subtitulo>
        </Subtitulos>
        <Botones></Botones>
        <Imagenes></Imagenes>
        <Siguiente>
          <destino>1,12</destino>
        </Siguiente>
      </Titulo>
      <Titulo id="12" nombre="TIEMPO DE RESPUESTA">
        <Subtitulos>
          <Subtitulo>
            <nombre>TIEMPO DE RESPUESTA</nombre>
            <instrucciones>Indicar al acreditado que después de la confirmación de sus documentos podrá obtener una respuesta 5 días hábiles posteriores. En caso de no enviar documentación de soporte su respuesta será  de 30 a 45 días hábiles después de la fecha de confirmación.</instrucciones>
          </Subtitulo>
          <Subtitulo>
            <nombre>CONSULTAR LA RESPUESTA</nombre>
            <instrucciones>Después del tiempo de espera para la respuesta indicar el medio por el cual puede verificar su respuesta.</instrucciones>
          </Subtitulo>
        </Subtitulos>
        <Botones>
          <boton>
            <nombre>Tel. 01 800 702 2917</nombre>
            <destino>1,14</destino>
          </boton>
          <boton>
            <nombre>e-pro www.genworth.com.mx</nombre>
            <destino>1,13</destino>
          </boton>
        </Botones>
        <Imagenes></Imagenes>
        <Siguiente></Siguiente>
      </Titulo>
      <Titulo id="13" nombre="e-pro www.genworth.com.mx">
        <Subtitulos></Subtitulos>
        <Botones></Botones>
        <Imagenes>
          <Imagen>
            <src>gnwinternet1</src>
            <comentario></comentario>
          </Imagen>
          <Imagen>
            <src>gnwinternet2</src>
            <comentario>Dar click en la imagen 3 de 4, ingresar n°, de crédito y NSS. En Detalles de la Póliza dar click en HISTORIAL DE RECLAMACIONES.</comentario>
          </Imagen>
        </Imagenes>
        <Siguiente>
          <destino>1,14</destino>
        </Siguiente>
      </Titulo>
      <Titulo id="14" nombre="RESPUESTA DEL SEGURO">
        <Subtitulos>
          <Subtitulo>
            <nombre>RESPUESTA DEL SEGURO</nombre>
            <instrucciones>Indicar el proceso en caso de ser aceptado o rechazado.</instrucciones>
          </Subtitulo>
          <Subtitulo>
            <nombre>ACEPTADO</nombre>
            <instrucciones>En caso de ser aceptado comenzamos a realizar los pagos al día 30 después de la fecha de desempleo hasta encontrar una nueva relación laboral por un máximo de 6 meses, en caso de encontrar una nueva relación laboral informarnos al 01 800 702 2917. Y si quedan mensualidades sin usar se quedan como reserva en caso de una nueva reclamación a futuro dentro de la vigencia de la póliza</instrucciones>
          </Subtitulo>
          <Subtitulo>
            <nombre>RECHAZADO</nombre>
            <instrucciones>En caso de ser Rechazado su póliza continua vigente en caso de una nueva reclamación a futuro dentro de la vigencia de la póliza. Mientras puede solicitar la prórroga en INFONAVIT o pagar directamente.</instrucciones>
          </Subtitulo>
        </Subtitulos>
        <Botones></Botones>
        <Imagenes></Imagenes>
        <Siguiente>
          <destino>1,15</destino>
        </Siguiente>
      </Titulo>
      <Titulo id="15" nombre="SERVICIO NACIONAL DE EMPLEO">
        <Subtitulos>
          <Subtitulo>
            <nombre>SERVICIO NACIONAL DE EMPLEO</nombre>
            <instrucciones>Otorgar el número del SNE (un servicio gratuito a nivel nacional donde le pueden ayudar a encontrar una nueva relación laboral)</instrucciones>
          </Subtitulo>
          <Subtitulo>
            <nombre>Tel. 01 800 841 2020</nombre>
            <instrucciones></instrucciones>
          </Subtitulo>
        </Subtitulos>
        <Botones></Botones>
        <Imagenes></Imagenes>
        <Siguiente>
          <destino>5,0</destino>
        </Siguiente>
      </Titulo>
    </Titulos>
  </Seccion>
  <Seccion id="2" nombre="CONFIRMACIÓN DE DOCUMENTOS">
    <Titulos>
      <Titulo id="0" nombre="Confirmación de documentos">
        <Subtitulos>
          <Subtitulo>
            <nombre>Confirmación de documentos</nombre>
            <instrucciones>Solicitar cuál fue el medio por el cual nos envió la documentación.</instrucciones>
          </Subtitulo>
        </Subtitulos>
        <Botones>
          <boton>
            <nombre>CORREO ELECTRÓNICO seguro-proteccion@genworth.com</nombre>
            <destino>2,1</destino>
          </boton>
          <boton>
            <nombre>FAX 01 800 822 8095</nombre>
            <destino>2,4</destino>
          </boton>
        </Botones>
        <Imagenes></Imagenes>
        <Siguiente></Siguiente>
      </Titulo>
      <Titulo id="1" nombre="Confirmación de Documento vía E-Mail">
        <Subtitulos>
          <Subtitulo>
            <nombre>Confirmación de Documento vía E-Mail</nombre>
            <instrucciones>Solicitar correo electrónico de quien lo emite para realizar la búsqueda en nuestros archivos.</instrucciones>
          </Subtitulo>
        </Subtitulos>
        <Botones>
          <boton>
            <nombre>SE ENCONTRÓ EL DOCUMENTO</nombre>
            <destino>2,6</destino>
          </boton>
          <boton>
            <nombre>NO SE ENCONTRÓ EL DOCUMENTO</nombre>
            <destino>2,3</destino>
          </boton>
          <boton>
            <nombre>LO ENVIÓ EL DÍA DE HOY</nombre>
            <destino>2,2</destino>
          </boton>
        </Botones>
        <Imagenes></Imagenes>
        <Siguiente></Siguiente>
      </Titulo>
      <Titulo id="2" nombre="LO ENVIÓ EL DÍA DE HOY">
        <Subtitulos>
          <Subtitulo>
            <nombre>Explicar Proceso</nombre>
            <instrucciones>Indicarle al acreditado que los correos que nos envian el día de hoy los podemos confirmar al día siguente hábil. Solicitar nos regrese la llamada al día siguiente.</instrucciones>
          </Subtitulo>
        </Subtitulos>
        <Botones></Botones>
        <Imagenes></Imagenes>
        <Siguiente>
          <destino></destino>
        </Siguiente>
      </Titulo>
      <Titulo id="3" nombre="NO SE ENCONTRÓ EL DOCUMENTO">
        <Subtitulos>
          <Subtitulo>
            <nombre>Explicar Proceso</nombre>
            <instrucciones>Si no encontramos el documento explicarle al acreditado la situacion. Verificar el correo electrónico que el tiene para confirmar que este correcto. Si no lo localizamos pedirle no lo envie nuevamente o darle la opción de fax para que lo confirme el mismo día.</instrucciones>
          </Subtitulo>
        </Subtitulos>
        <Botones></Botones>
        <Imagenes></Imagenes>
        <Siguiente>
          <destino>5,0</destino>
        </Siguiente>
      </Titulo>
      <Titulo id="4" nombre="Confirmación de Documento vía FAX">
        <Subtitulos>
          <Subtitulo>
            <nombre>Confirmación de Documento vía FAX</nombre>
            <instrucciones>Solicitar la hora en que fue enviado para iniciar la búsqueda.</instrucciones>
          </Subtitulo>
        </Subtitulos>
        <Botones>
          <boton>
            <nombre>Se encontró el documento</nombre>
            <destino>2,6</destino>
          </boton>
          <boton>
            <nombre>No se encontro el documento o es ílegible</nombre>
            <destino>2,5</destino>
          </boton>
        </Botones>
        <Imagenes></Imagenes>
        <Siguiente></Siguiente>
      </Titulo>
      <Titulo id="5" nombre="NO SE ENCONTRÓ EL DOCUMENTO O ES ILEGIBLE">
        <Subtitulos>
          <Subtitulo>
            <nombre>FAX</nombre>
            <instrucciones>01 800 822 8095</instrucciones>
          </Subtitulo>
          <Subtitulo>
            <nombre>Explicar Proceso</nombre>
            <instrucciones>Si no se encontró el documento o este es ilegible, solicitar lo envie nuevamente ya sea correo electrónico o fax.</instrucciones>
          </Subtitulo>
        </Subtitulos>
        <Botones></Botones>
        <Imagenes></Imagenes>
        <Siguiente>
          <destino>2,6</destino>
        </Siguiente>
      </Titulo>
      <Titulo id="6" nombre="SE ENCONTRÓ EL DOCUMENTO">
        <Subtitulos>
          <Subtitulo>
            <nombre>Correo Electrónico</nombre>
            <instrucciones>seguro-proteccion@genworth.com</instrucciones>
          </Subtitulo>
          <Subtitulo>
            <nombre>FAX</nombre>
            <instrucciones>01 800 822 8095</instrucciones>
          </Subtitulo>
          <Subtitulo>
            <nombre>Verificar Documentación</nombre>
            <instrucciones>Verificar si la documentación que nos envian es completa y legible.</instrucciones>
          </Subtitulo>
        </Subtitulos>
        <Botones>
          <boton>
            <nombre>DOCUMENTACIÓN COMPLETA</nombre>
            <destino>2,10</destino>
          </boton>
          <boton>
            <nombre>DOCUMENTACIÓN INCOMPLETA</nombre>
            <destino>2,7</destino>
          </boton>
        </Botones>
        <Imagenes></Imagenes>
        <Siguiente></Siguiente>
      </Titulo>
      <Titulo id="7" nombre="SE ENCONTRÓ EL DOCUMENTO, DOCUMENTACIÓN INCOMPLETA">
        <Subtitulos>
          <Subtitulo>
            <nombre>Verificar Documentación</nombre>
            <instrucciones>Verificar si la documentación se puede valorar con la documentación que enviamos.</instrucciones>
          </Subtitulo>
        </Subtitulos>
        <Botones>
          <boton>
            <nombre>ACEPTABLE: No envió documentación de soporte</nombre>
            <destino>2,9</destino>
          </boton>
          <boton>
            <nombre>NO ACEPTABLE: No hay Firma, fechas o datos relevantes</nombre>
            <destino>2,8</destino>
          </boton>
        </Botones>
        <Imagenes></Imagenes>
        <Siguiente></Siguiente>
      </Titulo>
      <Titulo id="8" nombre="SE ENCONTRÓ EL DOCUMENTO, DOCUMENTACIÓN INCOMPLETA, NO ACEPTABLE">
        <Subtitulos>
          <Subtitulo>
            <nombre>NO ACEPTABLE</nombre>
            <instrucciones>Solicitar nos envie nuevamente la documentación con los datos faltantes.</instrucciones>
          </Subtitulo>
        </Subtitulos>
        <Botones></Botones>
        <Imagenes></Imagenes>
        <Siguiente>
          <destino>5,0</destino>
        </Siguiente>
      </Titulo>
      <Titulo id="9" nombre="SE ENCONTRÓ EL DOCUMENTO, DOCUMENTACIÓN INCOMPLETA, ACEPTABLE">
        <Subtitulos>
          <Subtitulo>
            <nombre>Fecha de Seguimeinto</nombre>
            <instrucciones>Falta documentación de soporte pero se puede aceptar para proceso del 20%. Pedirle que su respuesta se la tendremos de 30 a 45 días.</instrucciones>
          </Subtitulo>
          <Subtitulo>
            <nombre>Respuesta</nombre>
            <instrucciones>Para respuesta pedirle entre al e-pro (www.genworth.com.mx) o nos regrese la llamada al 01 800 822 8095</instrucciones>
          </Subtitulo>
          <Subtitulo>
            <nombre>Ingresar FAXIN O EMIN según sea el caso</nombre>
            <instrucciones></instrucciones>
          </Subtitulo>
        </Subtitulos>
        <Botones></Botones>
        <Imagenes></Imagenes>
        <Siguiente>
          <destino>5,0</destino>
        </Siguiente>
      </Titulo>
      <Titulo id="10" nombre="SE ENCONTRÓ EL DOCUMENTO, DOCUMENTACIÓN COMPLETA">
        <Subtitulos>
          <Subtitulo>
            <nombre>Fecha de seguimiento</nombre>
            <instrucciones>Con documentación completa pedirle tiempo de respuesta de 5 días hábiles.</instrucciones>
          </Subtitulo>
          <Subtitulo>
            <nombre>Respuesta</nombre>
            <instrucciones>Para respuesta pedirle entre al e-pro (www.genworth.com.mx) o nos regrese la llamada al 01 800 822 8095</instrucciones>
          </Subtitulo>
          <Subtitulo>
            <nombre>Ingresar FAXIN O EMIN según sea el caso</nombre>
            <instrucciones></instrucciones>
          </Subtitulo>
        </Subtitulos>
        <Botones></Botones>
        <Imagenes></Imagenes>
        <Siguiente>
          <destino>5,0</destino>
        </Siguiente>
      </Titulo>
    </Titulos>
  </Seccion>
  <Seccion id="3" nombre="SEGUIMIENTO">
    <Titulos>
      <Titulo id="0" nombre="Seguimiento">
        <Subtitulos>
          <Subtitulo>
            <nombre>Seguimiento</nombre>
            <instrucciones>Acreditado llama para solicitar la respuesta de su reclamación por la documentación que envió previamente.</instrucciones>
          </Subtitulo>
          <Subtitulo>
            <nombre></nombre>
            <instrucciones>Solicitar No. Crédito para verificar el TIA el resultado de su reclamación.</instrucciones>
          </Subtitulo>
        </Subtitulos>
        <Botones>
          <boton>
            <nombre>RECLAMACIÓN ACEPTADA</nombre>
            <destino>3,1</destino>
          </boton>
          <boton>
            <nombre>RECLAMACIÓN RECHAZADA</nombre>
            <destino>3,2</destino>
          </boton>
          <boton>
            <nombre>PROCESO DEL 20%</nombre>
            <destino>3,6</destino>
          </boton>
          <boton>
            <nombre>PERIODO DE ESPERA</nombre>
            <destino>3,7</destino>
          </boton>
          <boton>
            <nombre>Seguimiento a Una Llamada Previa o Documentos e Información pendiente</nombre>
            <destino>3,3</destino>
          </boton>
        </Botones>
        <Imagenes></Imagenes>
        <Siguiente></Siguiente>
      </Titulo>
      <Titulo id="1" nombre="RECLAMACIÓN ACEPTADA">
        <Subtitulos>
          <Subtitulo>
            <nombre>Proceso</nombre>
            <instrucciones>Indicar que la reclamación ha sido aceptada. Mencionar la fecha y número de pagos que realizaremos o se realizaron en caso de ser a mensualidad vencida.</instrucciones>
          </Subtitulo>
          <Subtitulo>
            <nombre></nombre>
            <instrucciones>El periódo que estará cubriendo su seguro de desempleo.</instrucciones>
          </Subtitulo>
          <Subtitulo>
            <nombre></nombre>
            <instrucciones>Darle número de Caso</instrucciones>
          </Subtitulo>
          <Subtitulo>
            <nombre></nombre>
            <instrucciones>Pedirle nos informe en caso de encontrar una nueva relación laboral antes de la fecha de su último pago por parte del seguro.</instrucciones>
          </Subtitulo>
          <Subtitulo>
            <nombre></nombre>
            <instrucciones>Ingresar PHIN de la llamada.</instrucciones>
          </Subtitulo>
          <Subtitulo>
            <nombre></nombre>
            <instrucciones>Proporcionar el E-PRO para verificar sus pagos</instrucciones>
          </Subtitulo>
        </Subtitulos>
        <Botones></Botones>
        <Imagenes></Imagenes>
        <Siguiente>
          <destino>5,0</destino>
        </Siguiente>
      </Titulo>
      <Titulo id="2" nombre="RECLAMACIÓN RECHAZADA">
        <Subtitulos>
          <Subtitulo>
            <nombre>Proceso</nombre>
            <instrucciones>Indicarle al acreditado que su reclamación fue Rechazada y explicar el motivo.</instrucciones>
          </Subtitulo>
          <Subtitulo>
            <nombre></nombre>
            <instrucciones>En caso de poder revalorar el caso indicarle los documento que puede enviarnos adicionalmente.</instrucciones>
          </Subtitulo>
          <Subtitulo>
            <nombre></nombre>
            <instrucciones>Explicar que la cobertura del seguro continua en caso de una reclamación por desempleo involuntario en el futuro.</instrucciones>
          </Subtitulo>
          <Subtitulo>
            <nombre></nombre>
            <instrucciones>Proporcionar el teléfono de INFONAVIT 01 800 0083 900 para otras opciones de pago o la prórroga.</instrucciones>
          </Subtitulo>
          <Subtitulo>
            <nombre></nombre>
            <instrucciones>Ingresar PHIN de la llamada.</instrucciones>
          </Subtitulo>
          <Subtitulo>
            <nombre></nombre>
            <instrucciones>Proporcionar el E-PRO para verificar su estatus.</instrucciones>
          </Subtitulo>
        </Subtitulos>
        <Botones></Botones>
        <Imagenes></Imagenes>
        <Siguiente>
          <destino>5,0</destino>
        </Siguiente>
      </Titulo>
      <Titulo id="3" nombre="Seguimiento a Una Llamada Previa o Documentos e Información pendiente">
        <Subtitulos>
          <Subtitulo>
            <nombre>Proceso</nombre>
            <instrucciones>Verificar en TIA los documentos o la información pendiente para continuar con su reclamación.</instrucciones>
          </Subtitulo>
          <Subtitulo>
            <nombre></nombre>
            <instrucciones>Solicitar los documentos y la información requerida, verificar si acreditado cuenta con la documentación faltante.</instrucciones>
          </Subtitulo>
        </Subtitulos>
        <Botones>
          <boton>
            <nombre>SÍ CUENTA CON DOCUMENTOS</nombre>
            <destino>3,4</destino>
          </boton>
          <boton>
            <nombre>NO CUENTA CON DOCUMENTOS</nombre>
            <destino>3,5</destino>
          </boton>
        </Botones>
        <Imagenes></Imagenes>
        <Siguiente></Siguiente>
      </Titulo>
      <Titulo id="4" nombre="Seguimiento a Una Llamada Previa o Documentos e Información pendiente, SÍ CUENTA CON DOCUMENTOS">
        <Subtitulos>
          <Subtitulo>
            <nombre>Proceso</nombre>
            <instrucciones>Pedir que nos envie la documentación a la brevedad posible para continuar con su proceso de reclamación.</instrucciones>
          </Subtitulo>
          <Subtitulo>
            <nombre></nombre>
            <instrucciones>Proporcionar medios de envio.</instrucciones>
          </Subtitulo>
          <Subtitulo>
            <nombre></nombre>
            <instrucciones>Ingresar PHIN de la llamada.</instrucciones>
          </Subtitulo>
        </Subtitulos>
        <Botones>
          <boton>
            <nombre>CORREO ELECTRÓNICO seguro-proteccion@genworth.com</nombre>
            <destino>1,10</destino>
          </boton>
          <boton>
            <nombre>FAX 01 800 822 8095</nombre>
            <destino>1,11</destino>
          </boton>
        </Botones>
        <Imagenes></Imagenes>
        <Siguiente></Siguiente>
      </Titulo>
      <Titulo id="5" nombre="Seguimiento a Una Llamada Previa o Documentos e Información pendiente, NO CUENTA CON DOCUMENTOS">
        <Subtitulos>
          <Subtitulo>
            <nombre>Proceso</nombre>
            <instrucciones>Ingresar PHIN indicando la ausencia de documentos, y el tipo de contrato y el motivo del desempleo que nos indica el acreditado.</instrucciones>
          </Subtitulo>
          <Subtitulo>
            <nombre></nombre>
            <instrucciones>Conforme a la declaración del acreditado la reclamación puede ser rechazada en ese momento o enviada al proceso del 20%.</instrucciones>
          </Subtitulo>
        </Subtitulos>
        <Botones>
          <boton>
            <nombre>RECLAMACIÓN RECHAZADA</nombre>
            <destino>3,2</destino>
          </boton>
          <boton>
            <nombre>PROCESO DEL 20%</nombre>
            <destino>3,6</destino>
          </boton>
        </Botones>
        <Imagenes></Imagenes>
        <Siguiente></Siguiente>
      </Titulo>
      <Titulo id="6" nombre="Seguimiento a Una Llamada Previa o Documentos e Información pendiente, PROCESO DEL 20%">
        <Subtitulos>
          <Subtitulo>
            <nombre>Proceso</nombre>
            <instrucciones>Indicarle al acreditado que su reclamación será enviada a un proceso especial de investigación en el cual tendrá un tiempo de espera posterior.</instrucciones>
          </Subtitulo>
          <Subtitulo>
            <nombre></nombre>
            <instrucciones>Indicarle la fecha cuando nos puede regresar la llamada para dar seguimiento. (correspondiente a la próxima fecha de pagos del 20%).</instrucciones>
          </Subtitulo>
          <Subtitulo>
            <nombre></nombre>
            <instrucciones>Ingresar PHIN de la llamada.</instrucciones>
          </Subtitulo>
        </Subtitulos>
        <Botones></Botones>
        <Imagenes></Imagenes>
        <Siguiente>
          <destino>5,0</destino>
        </Siguiente>
      </Titulo>
      <Titulo id="7" nombre="Seguimiento a Una Llamada Previa o Documentos e Información pendiente, PERIODO DE ESPERA">
        <Subtitulos>
          <Subtitulo>
            <nombre>Periodo de Espera</nombre>
            <instrucciones>Si la reclamación fue Aceptada pero su primer pago esta en periodo de espera. Indicarle la fecha y Explicar que debe permanecer desempleado hasta esa fecha para obtener el Beneficio del Primer Pago.</instrucciones>
          </Subtitulo>
          <Subtitulo>
            <nombre></nombre>
            <instrucciones>Ingresar PHIN de la llamada.</instrucciones>
          </Subtitulo>
        </Subtitulos>
        <Botones></Botones>
        <Imagenes></Imagenes>
        <Siguiente>
          <destino>5,0</destino>
        </Siguiente>
      </Titulo>
    </Titulos>
  </Seccion>
  <Seccion id="4" nombre="ACLARACIÓN DE PAGOS">
    <Titulo>
      <Titulo id="0" nombre="ACLARACIÓN DE PAGOS">
        <Subtitulos></Subtitulos>
        <Botones>
          <boton>
            <nombre>PAGOS NO APLICADO POR INFONAVIT</nombre>
            <destino>4,1</destino>
          </boton>
          <boton>
            <nombre>PAGOS POR SALDO EN EXCESO</nombre>
            <destino>4,2</destino>
          </boton>
        </Botones>
        <Imagenes></Imagenes>
        <Siguiente></Siguiente>
      </Titulo>
      <Titulo id="1" nombre="PAGOS NO APLICADO POR INFONAVIT">
        <Subtitulos>
          <Subtitulo>
            <nombre>Proceso</nombre>
            <instrucciones>Solicitar No. Crédito o No. Caso para verificar en sistema TIA los pagos realizados a INFONAVIT para el crédito del acreditado.</instrucciones>
          </Subtitulo>
          <Subtitulo>
            <nombre></nombre>
            <instrucciones>Solicitar Información que le dieron al Cliente por medio de Infonavit.</instrucciones>
          </Subtitulo>
          <Subtitulo>
            <nombre></nombre>
            <instrucciones>Enviar E-Mail a persona encargada para aclarar los pago en infonavit luis.contreras@genworth.com (dar click en la liga para iniciar correo)</instrucciones>
          </Subtitulo>
          <Subtitulo>
            <nombre></nombre>
            <instrucciones>Darle a acreditado el E-PRO para la consulta de sus pagos y los imprima como su comprobante.</instrucciones>
          </Subtitulo>
          <Subtitulo>
            <nombre></nombre>
            <instrucciones>Proporcionarle al acreditado una fecha de respuesta.</instrucciones>
          </Subtitulo>
        </Subtitulos>
        <Botones></Botones>
        <Imagenes></Imagenes>
        <Siguiente>
          <destino>5,0</destino>
        </Siguiente>
      </Titulo>
      <Titulo id="2" nombre="PAGOS POR SALDO EN EXCESO">
        <Subtitulos>
          <Subtitulo>
            <nombre>Proceso</nombre>
            <instrucciones>Solicitar No. Crédito para verificar en sistema TIA si la póliza ya fue cancelada y el monto de reembolso.</instrucciones>
          </Subtitulo>
          <Subtitulo>
            <nombre></nombre>
            <instrucciones>Indicarle que se enviará una carta indicando el monto de la prima devuelta para que se presente en INFONAVIT y tramite el reembolso.</instrucciones>
          </Subtitulo>
          <Subtitulo>
            <nombre></nombre>
            <instrucciones>En caso de que ya cuente con la carta pedirle se comunique o asista a INFONAVIT al 01 800 0083 900.</instrucciones>
          </Subtitulo>
          <Subtitulo>
            <nombre></nombre>
            <instrucciones>Si no cuenta con la carta, realizar una carta por saldo en exceso y enviarla al domicilio de acreditado.</instrucciones>
          </Subtitulo>
        </Subtitulos>
        <Botones></Botones>
        <Imagenes></Imagenes>
        <Siguiente>
          <destino>5,0</destino>
        </Siguiente>
      </Titulo>
    </Titulo>
  </Seccion>
  <Seccion id="5" nombre="DESPEDIDA">
    <Titulos>
      <Titulo id="0" nombre="DESPEDIDA">
        <Subtitulos>
          <Subtitulo>
            <nombre>Verificar si hay dudas o algo más en lo que podemos ayudar.</nombre>
            <instrucciones></instrucciones>
          </Subtitulo>
          <Subtitulo>
            <nombre>Despedir al Cliente</nombre>
            <instrucciones>Agradezco su llamada a HDI por mi parte es todo le atendió __ deseo que pase muy buen (día / tardes).</instrucciones>
          </Subtitulo>
        </Subtitulos>
        <Botones>
          <boton>
            <nombre>Terminar</nombre>
            <destino>-1,-1</destino>
          </boton>
        </Botones>
        <Imagenes></Imagenes>
        <Siguiente></Siguiente>
      </Titulo>
    </Titulos>
  </Seccion>
</Secciones>